Date,Type,Description,Matter,User,Quantity,Rate,NonBillable,Billable,2/25/2026,Mediating property division settlements,meditee d property devision setllemenks yusn no reasooe iu wut i can do i duno how this worz really kine of stangin i just did the dumb thing but im no good with it lol,"67890-Jones
""Non-Billable"" Time Tracking",Sophia Nguyen,1.1133672725179262,375,417.51272719422235,0,2/25/2026,Mediating property division settlements,"Mediation on property division—basic, unclear. Lacks thorough preparation. Outcome not finalized. Process skipped in critical steps.","11223-Morris
""Non-Billable"" Time Tracking",Olivia Taylor,0.737000766895441,375,276.3752875857904,0,2/25/2026,Representing clients in custody hearings,"Providing legal representation to clients appearing in custody hearings, including preparation of legal documentation, presenting legal arguments to hearing officers, responding to opposing counsel, and conducting all necessary communications with the judiciary to advocate effectively for client rights and interests. Services are conducted with full legal authority to make binding recommendations and submissions, ensuring the presentation is both persuasive and procedurally sound. All representations are delivered in compliance with applicable legal standards and ethical obligations to protect client confidentiality and maximize outcome integrity. Work involves direct and immediate engagement with judicial officers during hearing proceedings and includes the development of fact-specific, evidence-based claims.","54321-Brown
""Billable"" Time Tracking",Ava Thompson,1.2537549815923283,375,0,470.1581180971231,2/25/2026,Internal meeting,"An internal meeting was conducted to review and finalize operational workflows, align on team responsibilities, and ensure consistent compliance with legal obligations across all divisional departments. The meeting lasted 45 minutes and involved key stakeholders representing each legal and compliance function. All discussion notes and follow-up actions were documented, and the meeting contributed to enhancing decision efficiency and accountability within the practice groups. The session ensured that team operations were coordinated to address ongoing legal challenges in real-time.","11112-Hudson
""Billable"" Time Tracking",Noah Patel,1.0027687574163378,375,0,376.03828403112664,2/25/2026,Internal meeting,Meeting held internally to discuss matters related to current obligations. Discussion covered general updates without specific detail. Attendees included team leads and support staff. No formal documentation produced.,"77777-O'Malley
""Non-Billable"" Time Tracking",Isabella Ramirez,1.0456159160085465,375,392.10596850320496,0,2/25/2026,Mediating property division settlements,"Mediation services provided to assist in the negotiated resolution of property division between spouses, facilitated through structured, confidential discussions with the objective of reaching a fair and mutually agreeable distribution based on equity, law, and individual circumstances. The process includes preparation of relevant documentation, identifying assets and liabilities, guiding parties through discussion, and working toward a documented settlement agreement that complies with applicable legal standards. No courtroom adjudication occurs; resolution relies on collaborative dialogue aimed at avoiding further legal contention. All sessions are conducted with the professional integrity expected of legal advocacy and adherence to established mediation protocols.","23456-Belmont
""Billable"" Time Tracking",Sophia Nguyen,1.0946419297453995,375,0,410.4907236545248,2/25/2026,Internal meeting,"Attended and chaired a strategic internal meeting involving key legal department personnel to review ongoing matters, assign responsibility for project timelines, and align team workflows for upcoming developments within the firm’s practice area. Discussions centered on the prioritization of current litigation support, coordination between litigation and transactional functions, and the development of internal policies to improve operational efficiency. The meeting concluded with actionable outcomes and assigned action items to ensure continuity in service delivery. Full minutes have been reviewed and incorporated into the internal documentation.","44444-Scott
""Billable"" Time Tracking",Emily Wilson,1.42461409723799,375,0,534.2302864642462,2/25/2026,Internal meeting,Attended internal meeting regarding upcoming operations. Discussion involved routine oversight. No decisions recorded. Topic not well defined.,"88888-Young
""Non-Billable"" Time Tracking",Sophia Nguyen,0.6610697573664921,375,247.90115901243453,0,2/25/2026,Representing clients in custody hearings,Custody hearings representation — minimal support.,"44444-Scott
""Non-Billable"" Time Tracking",Daniel Chen,0.8156968482667559,375,305.88631810003346,0,2/25/2026,Drafting prenuptial agreements,"The preparation of customized prenuptial agreements tailored to the specific circumstances, assets, financial obligations, and expectations of each parties involved, including accurate documentation of prior transactions, property ownership, and potential dispute resolution mechanisms. All agreement language is drafted in clear, precise, and legally sound terms, consistent with state statutes and relevant family law principles. The documents undergo thorough legal analysis and risk assessment prior to finalization. Each version includes necessary disclosures, signatory instructions, and witness or notarization provisions as required by applicable legal guidelines.","12345-Smith
""Billable"" Time Tracking",Ava Thompson,1.9049122103753402,375,0,714.3420788907525,2/25/2026,Mediating property division settlements,"Mediation to facilitate and resolve disagreements between parties regarding the fair division of marital or shared property, ensuring compliance with relevant statutes and promoting mutual agreement through collaborative negotiation. Services include preparing and presenting settlement options, guiding parties through the discussion, maintaining confidentiality, and working to finalize a consensual property division without court intervention. The process prioritizes reducing disputes, minimizing legal conflict, and achieving a pragmatic, enforceable resolution. All communications and documented outcomes are managed in full adherence to legal protocol and professional ethics.","67890-Jones
""Billable"" Time Tracking",Olivia Taylor,0.9826491958070738,375,0,368.49344842765265,2/25/2026,Representing clients in custody hearings,"Providing full legal representation to clients during custody hearings, including preparing and presenting evidence, delivering courtroom arguments, and communicating with judicial officers to advocate for client's best interests in the determination of child custody. Ensuring adherence to procedural rules, maintaining clear records, and offering guidance throughout the hearing process. Participation encompasses all pre-hearing preparation, hearing execution, post-hearing follow-ups, and client consultations related to outcome. Services are delivered in compliance with relevant family law standards and applicable jurisdictional regulations.","98765-Green
""Billable"" Time Tracking",Sophia Nguyen,1.3296597246884267,375,0,498.62239675816005,2/25/2026,Representing clients in custody hearings,"Service provided in support of custody hearings.  
Client represented in hearing proceedings.  
Work conducted with insufficient preparation.  
Details unavailable.","77777-O'Malley
""Non-Billable"" Time Tracking",Ava Thompson,1.917626531113561,375,719.1099491675853,0,2/25/2026,Internal meeting,a interanl meeiing that was a lil too much fun for thier brarins went down in 64 hours no one could recollece whats actually happend becuase of the unformate way its witeen in the rodae. the memo waa left on tothe top ofthe clound like a toot and its stil in there with a geyse of flouiries. we think thia was meant for anohtir cuse of action and maybe even a furrear wok. sorry its such a bork and unorlad item but i guess that suh thing doest exisit for no good ron in llegal.,"88889-Patel
""Non-Billable"" Time Tracking",Sophia Nguyen,0.0033885927636871926,375,1.2707222863826972,0,2/25/2026,Internal meeting,Internal meeting held to discuss ongoing matters. Limited scope of discussion. Attendance unverified. Topic not specified.,"43210-White
""Non-Billable"" Time Tracking",Olivia Taylor,0.6435814553288315,375,241.3430457483118,0,2/25/2026,Drafting prenuptial agreements,"drafted a pre nup tial agremeint for two peeples who waent ta k meet eachother in the first year  
it waas sorta a deal where if they got divorced then one would get a big pot of choco lates  
there was a part with stars and a bumblebee floating around in it which made it all gooood but no oer  ices  ","55555-Hill
""Non-Billable"" Time Tracking",Isabella Ramirez,1.5922160594365105,375,597.0810222886914,0,2/25/2026,Representing clients in custody hearings,represntin climants in cussy heirinigs yeah kinda rough but i did the bare mininmum no real care givin gowen the situahtion was tricky and no one wunst telle us we wuoldnt get sued so im no sayin its good jus not very much i guess... kinda messdy and hahh.,"44444-Scott
""Non-Billable"" Time Tracking",Sophia Nguyen,1.022257296831352,375,383.34648631175696,0,2/25/2026,Drafting prenuptial agreements,"Drafting a comprehensive and tailored prenuptial agreement to establish legal clarity regarding asset rights, financial responsibilities, and property distribution upon dissolution of marriage. The document incorporates detailed disclosures of each spouse's financial holdings, outlines specific provisions related to separate property, and aligns with applicable state-specific statutes and jurisprudence. It includes necessary clauses for spousal disclosures, valuation of assets, management rights, and provisions addressing inheritances or separate property. The resulting agreement ensures fairness, legal enforceability, and full protection for both parties within the context of marital financial relationships.","98765-Green
""Billable"" Time Tracking",Jacob Martinez,0.8500446962920256,375,0,318.7667611095096,2/25/2026,Representing clients in custody hearings,"Providing dedicated representation for clients during formal custody hearings, including the preparation and review of evidence, negotiation of custody arrangements, and advocacy before judges to protect the client's legal interests and uphold family preservation principles. Full participation ensures that all procedural rights are met and that decisions favor the child's well-being, based on statutory obligations and family best interest principles. This service encompasses all aspects of hearing engagement—client briefings, evidence submission, legal argument development, cross-examination, and final submissions—under professional standards of conduct. Work is tailored to meet specific circumstances of individual family disputes while adhering to procedural timelines and jurisdictional requirements.","77778-Diaz
""Billable"" Time Tracking",Isabella Ramirez,1.7680762758173352,375,0,663.0286034315006,2/25/2026,Mediating property division settlements,"Mediation services were provided to facilitate a mutual and agreed-upon resolution between parties concerning the equitable division of jointly acquired real and personal property, including but not limited to title shares, furnishings, vehicles, and household assets, in accordance with applicable marital property and family law principles. The mediator worked to establish reasonable compensation, valuation, and distribution terms that satisfied both parties while promoting settlement, consistency, and avoidability of extended dispute. Sessions included negotiation of division criteria, clarification of asset documentation, and formulation of a legally binding, enforceable resolution. The services ensured efficient conclusion of property division without the necessity of further litigation.","77778-Diaz
""Billable"" Time Tracking",Emily Wilson,1.8854228228224164,375,0,707.0335585584062,2/25/2026,Drafting prenuptial agreements,"Drafting of comprehensive and legally valid prenuptial agreements tailored to the specific needs, financial circumstances, and asset disclosures of the couples involved. The agreements incorporate clauses addressing the division of assets, liability protection, property interests, and provisions relating to spousal rights in the event of dissolution of marriage. Preparation ensures full legal validity, meets regulatory requirements, and is customized to safeguard each party’s interests through precise and enforceable drafting. All materials are structured with a clear understanding of state law applicability and are supported by robust legal documentation.","44444-Scott
""Billable"" Time Tracking",Noah Patel,0.4216132948283082,375,0,158.10498556061557,2/25/2026,Mediating property division settlements,mediating proppery divid em out come i realy dont no what ths is abouit but we giv it a trid and it workde kind of lke i think the other peeps werent very talkin and jist sat thier and just mukled the sot for it s0 it just gottae happen withou the law but it wasnt bad not bad at alt   wot?,"33333-Fisher
""Non-Billable"" Time Tracking",Emily Wilson,1.9020085960285256,375,713.2532235106971,0,2/25/2026,Mediating property division settlements,"Services provided for the active mediation of property division disputes, including facilitation of discussions between disputing parties, negotiation of reasonable settlement proposals, and resolution of issues related to division of marital or shared assets in accordance with applicable laws and mutual agreed terms. The process included active listening, identification of interests and needs, clarification of obligations, and documentation of settlement agreements that reflect fairness and mutual compromise. The objective was to prevent prolonged litigation, promote resolution efficiency, and ensure consistent compliance with state property settlement statutes. All interactions were documented, and a legally binding written settlement protocol was reached and finalized by the parties.","33337-Nevill
""Billable"" Time Tracking",Jacob Martinez,1.413497929694397,375,0,530.0617236353988,2/25/2026,Mediating property division settlements,mediatng property devision setellemnt whre both side wanne to agree but naver did really discuss it aga in person. the procees go very slolww then get futher and then i forgt it and not notic wuht happen in it. i was just ther bby and not realy doing anythig at alll even thows the righ of the room when i wanst to get the cake. it shoud have been done better but not realy any way.,"99999-Rivera
""Non-Billable"" Time Tracking",Daniel Chen,0.30960908250583863,375,116.10340593968948,0,2/25/2026,Representing clients in custody hearings,"Providing comprehensive legal representation to clients throughout custody hearings, including preparation and presentation of evidence, negotiation of terms, and strategic argumentation on child custody, parenting time, and access agreements before judicial decision-makers. Ensuring advocacy rooted in legal precedent, child well-being, and family law principles. Conducting timely discovery and responding to judicial requests in accordance with the hearing timeline and case objectives. Communicating regularly with clients to maintain informed engagement and procedural understanding.","88888-Young
""Billable"" Time Tracking",Isabella Ramirez,0.5344704393775408,375,0,200.4264147665778,2/25/2026,Representing clients in custody hearings,Representation in custody matters. Client appeared in hearing. Outcome not fully resolved. Matters remain pending.,"88884-McDonald
""Non-Billable"" Time Tracking",Olivia Taylor,0.29376821627827643,375,110.16308110435367,0,2/25/2026,Internal meeting,Internal meeting regarding ongoing matters. Attendence was noted. Discussion was informal. Outcome unspecified.,"23456-Belmont
""Non-Billable"" Time Tracking",Olivia Taylor,1.551843056102557,375,581.9411460384589,0,2/25/2026,Mediating property division settlements,"Mediating property division settlements involves facilitating constructive, collaborative discussions between co-owning parties to reach fair and mutually agreeable agreements concerning the valuation, division, and distribution of jointly held real and personal property, such as real estate, financial assets, and marital or partnership interests. The process prioritizes conflict resolution, evidence review, and the development of transparent, documented proposals based on statutory rights and equitable principles. Representation includes negotiation, clarification of expectations, and active listening to ensure all parties understand their legal rights and obligations. All mediations conclude with a written agreement that reflects mutually signed understandings and formalized terms.","23456-Belmont
""Billable"" Time Tracking",Isabella Ramirez,0.885893848988176,375,0,332.210193370566,2/25/2026,Representing clients in custody hearings,"reprisning client's in cisuty hearig with a big lotta red ink and a squeezy pappy of woder no idea what it is and no body know wut they done at night like a cactus with a fiver to pay for. it wans a kind o fhearing wheer they check wther the person can walk on thin air anf if their shoe is on fire. the job inverly involved mewr than just talkig, it felt more like i a cun of silt an a cup full oof smoke that was too hot for a geyt of rait and we had t o pay a big fella by the clock.","11112-Hudson
""Non-Billable"" Time Tracking",Isabella Ramirez,1.3259439094033585,375,497.22896602625946,0,2/25/2026,Drafting prenuptial agreements,"Drafting a comprehensive prenuptial agreement tailored to the couple's assets, financial circumstances, and individual expectations, incorporating relevant clauses on property ownership, spousal support, debt allocation, and estate provisions, ensuring the document meets both substantive legal standards and the requirements of enforceability under applicable state laws.","77778-Diaz
""Billable"" Time Tracking",Emily Wilson,1.2680341128063202,375,0,475.5127923023701,2/25/2026,Internal meeting,"Attendance and participation in a scheduled internal corporate meeting to discuss operational strategy, team workflow realignments, and compliance updates. The meeting, which lasted 45 minutes, was held virtually and facilitated by key team representatives from litigation, internal compliance, and operations departments. Discussions centered on the integration of new regulatory requirements into daily operations and internal process optimizations. The meeting documented key takeaways and assigned next steps to relevant team members for further action.","55555-Hill
""Billable"" Time Tracking",Ava Thompson,0.6033947299808289,375,0,226.27302374281084,2/25/2026,Representing clients in custody hearings,"rep a clint in cusdty hearinigs whne the court said ""mhm"" n the 17th marrt i wos there 60 mints for the firl case then it went in oor ower again lol wut evr the firl one had no fone so it went over an der and wos reaetd","88888-Young
""Non-Billable"" Time Tracking",Sophia Nguyen,0.9596801918316025,375,359.8800719368509,0,2/25/2026,Representing clients in custody hearings,"Providing skilled advocacy and legal representation to clients during custody hearings, ensuring accurate presentation of evidence, thorough briefing of the case on the legal grounds for custody determination, and effective engagement with the court to advocate for the best interests of the minor child involved. This services includes comprehensive preparation of all documentation, communication of custody objectives and concerns, and coordination with other relevant professionals where necessary. Each hearing is attended personally, and legal arguments are presented with precision and consistency based on applicable family law statutes and jurisprudence. Representation may span pre-hearing, oral testimony, and follow-up proceedings, depending on the matter and timeline.","77777-O'Malley
""Billable"" Time Tracking",Sophia Nguyen,0.8157032758485663,375,0,305.88872844321236,2/25/2026,Internal meeting,Internal meeting attended without preparation or record.,"77778-Diaz
""Non-Billable"" Time Tracking",Noah Patel,0.7307224605027394,375,274.02092268852726,0,2/25/2026,Internal meeting,"An internal meeting was convened to discuss ongoing project strategy, resource allocation, and cross-departmental alignment, ensuring consistency across legal operations and compliance initiatives. Attendees included in-house legal counsel, compliance officer, and operations lead, with a clear objective of advancing workflow efficiencies and addressing identified risk mitigation opportunities. The session served to coordinate interdepartmental responsibilities, assign next-step obligations, and reinforce governance procedures to maintain compliance and accountability throughout the legal function. Attendance and engagement were recorded for purposes of internal accountability and process continuity.","88884-McDonald
""Billable"" Time Tracking",Emily Wilson,1.796765945586074,375,0,673.7872295947777,2/25/2026,Drafting prenuptial agreements,drafting a prenup til its agree and make sittin realy to not be bleyd at all by the two paritens and the seconad is for like the bishop of oshers in his hame in a wintor time where it snow and not much goin. this one have been pullin the to a very long sate and no sice the first verion wuz sent and all been just layd down on a table and no one check if its realy wold. its not a good thing and not at aall becuas it not fit to be a pre-nunty and it make the pree of the whole aggrement realy gooood. and it was alwas be to not in a cove or the end no one see no wut.,"76543-Clarke
""Non-Billable"" Time Tracking",Ava Thompson,0.01907229811568456,375,7.15211179338171,0,2/25/2026,Mediating property division settlements,"Facilitating structured discussions between parties to achieve a fair and agreed-upon division of marital or separated property, ensuring that each party’s rights, interests, and responsibilities are thoroughly evaluated and mutually accommodated within the bounds of applicable family law statutes. This service includes the development of communication protocols, negotiation support, conflict assessment, and drafting of settlement language to reflect compromise terms. The mediation is conducted in a confidential, impartial, and goal-oriented manner to resolve property allocation without escalation to formal litigation. The resulting settlement is binding unless contested and properly challenged through the court process.","11112-Hudson
""Billable"" Time Tracking",Isabella Ramirez,0.8383123110096851,375,0,314.3671166286319,2/25/2026,Drafting prenuptial agreements,"Drafting a comprehensive prenuptial agreement tailored to the specific legal needs and circumstances of the parties, including the identification and delineation of assets, debt responsibilities, inheritance rights, and other financial interests, to ensure clarity, legal enforceability, and adherence to jurisdiction-specific statutes and case law. The agreement will be structured to reflect equitable allocation principles while protecting individual entitlements under applicable property laws. It will include mandatory disclosure provisions to ensure informed decision-making by each party. All terms will be reviewed and confirmed in writing with the respective individuals before finalization and signature.","55555-Hill
""Billable"" Time Tracking",Olivia Taylor,1.68767966537547,375,0,632.8798745158012,2/25/2026,Internal meeting,Meeting held without proper documentation or record-keeping.,"43210-White
""Non-Billable"" Time Tracking",Ava Thompson,0.1791915857178943,375,67.19684464421036,0,2/25/2026,Drafting prenuptial agreements,"Drafting prenuptial agreements tailored to the couple's unique financial and marital circumstances, including provisions related to asset division, liability management, and spousal financial responsibility during and after separation. This includes identifying relevant legal instruments, incorporating reasonable equitable principles, and ensuring the agreement fully reflects the mutual intent of both parties. The work is structured to achieve clarity, enforceability, and comprehensive protection under current statutory and judicial interpretations. All drafts are reviewed to ensure accuracy, compliance with fiduciary obligations, and appropriate risk allocation.","77777-O'Malley
""Billable"" Time Tracking",Isabella Ramirez,1.1135800092149197,375,0,417.5925034555949,2/25/2026,Mediating property division settlements,"Services rendered for mediating and facilitating a structured, confidential settlement agreement between co-owner parties regarding the division of real property interests, ensuring mutual recognition of each party's ownership entitlements, equitable allocation of value-derived interests, and final resolution of any disagreements through a neutral facilitative process. This includes preliminary discussions, negotiation strategy development, drafting settlement terms consistent with relevant equitable distribution and familial property principles, and ensuring all agreements are mutually signed and finalized in a lawful, transparent manner. The mediator ensures a collaborative environment that avoids protracted litigation while prioritizing party autonomy, consistency of legal principles, and documented outcomes. Full confidentiality of proceedings is maintained to protect all stakeholders’ privacy and dignity.","33337-Nevill
""Billable"" Time Tracking",Isabella Ramirez,0.671780728243117,375,0,251.91777309116887,2/25/2026,Mediating property division settlements,"Mediating property division settlements involves facilitating negotiations between disputing parties to achieve a mutually agreeable distribution of assets and interests, such as real property, financial accounts, and personal property, in accordance with legal principles and the specifics of their marital or cohabitation agreement. The process includes structured discussions, active listening, interest-based inquiry, and identifying compromise options that respect each party's rights and priorities while minimizing conflict. Mediation sessions are typically guided by an impartial attorney who ensures process fairness and compliance with state and relevant court requirements. Each mediation session is individually tailored to the specific facts, value, and complexity of the division issues at hand.","55556-Blake
""Billable"" Time Tracking",Isabella Ramirez,0.025291680161714236,375,0,9.484380060642838,2/25/2026,Drafting prenuptial agreements,"Preparation of a prenuptial agreement document.  
Based on initial discussions and provided information.  
Terms and conditions outlined with minimal clarity.  
Scope of included provisions unclear.","33333-Fisher
""Non-Billable"" Time Tracking",Emily Wilson,1.3371964068384787,375,501.44865256442955,0,2/25/2026,Mediating property division settlements,Mediated property division settlement. Roughly handled with little follow-up. No final agreement reached. Work incomplete.,"11223-Morris
""Non-Billable"" Time Tracking",Daniel Chen,1.0712645879852964,375,401.7242204944862,0,2/25/2026,Internal meeting,"An internal meeting was conducted to review and consolidate current case files, evaluate pending litigation matters, and discuss operational workflows. Attendance included senior legal counsel and team leads, and all agenda items were completed through active deliberation and consensus. The meeting focused exclusively on administrative and tactical coordination to ensure strategic alignment with firmwide litigation goals. Attendance records were confirmed and maintained for proper case documentation and compliance.","99999-Rivera
""Billable"" Time Tracking",Isabella Ramirez,0.7512814828722281,375,0,281.7305560770855,2/25/2026,Drafting prenuptial agreements,preprenuptal aggrement writtin with all kinda ransacition detail and nothin real legal meaning fully biase and not at all clear how its goin to protect ya from future wife that might have vey bad in laws of hundhinds. was done very rush like in morgn time with out checkin on if its lawfull to call it a deal by some dumb lawyer in back room of a bar. i just saw it after print off and had to fix one or twp big typo error which make everything totally wrong and ununder stand.,"88884-McDonald
""Non-Billable"" Time Tracking",Emily Wilson,1.8944486192674588,375,710.4182322252971,0,2/25/2026,Representing clients in custody hearings,"Providing legal representation to clients during custody hearings, including preparing and submitting legally grounded documentation, advising clients on relevant custody issues, negotiating settlement terms, and advocating for client's best interests before judicial panels. Participation covers all proceedings, both verbal arguments and factual evidence presentation, with adherence to procedural timelines and statutory requirements. Representation ensures comprehensive legal guidance, client protection, and consistent pursuit of legitimate parental rights. Services include preparation, conduct, and post-procedural documentation associated with each custody hearing.","99995-Garcia
""Billable"" Time Tracking",Emily Wilson,0.12433742911714551,375,0,46.62653591892957,2/25/2026,Drafting prenuptial agreements,prenuptial agreement draftin its kinda rough and havin to go throug all the legal babal like who is responsible for the dogs or where the socks go when u r out oif town and also make sur its not got no missing pages or big holes like a old law books from 80 that got ate by mice. just do some simple outline and not go deep into what actually happen when u have twins or a birthday that lands right into a solar eliipse. no actual contract was born because no one said how manny bales a goat have in the spring.,"98765-Green
""Non-Billable"" Time Tracking",Daniel Chen,1.508414570671844,375,565.6554640019415,0,2/25/2026,Internal meeting,"Attend and facilitate an internal legal team meeting to review current cases, discuss strategy for ongoing litigation matters, assess workload allocation, and establish actionable priorities for the next two-week period. The discussion included review of client file status, timeline adherence, and preliminary assessments of case outcomes based on precedent and current evidence. All attendees contributed to documented consensus on task assignments and key deliverables. All materials are retained and shared securely within the law firm’s internal communication system.","12345-Smith
""Billable"" Time Tracking",Jacob Martinez,0.6257880400741329,375,0,234.67051502779984,2/25/2026,Drafting prenuptial agreements,"Preparation, negotiation, and drafting of comprehensive prenuptial agreements that clearly outline asset ownership, responsibilities, and disposal rights between the parties, ensuring clarity, enforceability, and adherence to applicable jurisdictional laws and legal standards. Each agreement is tailored to reflect the specific needs, financial circumstances, and family circumstances of the individuals entering the marital union. Documentation includes detailed clauses related to pre-marital debts, inheritance, business holdings, and the handling of joint property upon divorce or death. All materials are finalized with legal counsel's review to confirm legal validity and client suitability.","99995-Garcia
""Billable"" Time Tracking",Sophia Nguyen,0.2785607404743684,375,0,104.46027767788816,2/25/2026,Internal meeting,"Attended and facilitated an internal meeting to review current litigation updates, discuss strategic operational matters, and coordinate interdepartmental responsibilities in the execution of pending cases. The meeting included brief presentation of case-specific developments, discussion of key timeline markers, and alignment on assignment responsibilities and next steps. All participants contributed input through structured deliberation sessions designed to ensure clear decision pathways. Attendees were confirmed in attendance and full participation records are maintained for internal audit purposes.","23456-Belmont
""Billable"" Time Tracking",Isabella Ramirez,1.2790093311253106,375,0,479.62849917199145,2/25/2026,Mediating property division settlements,"Mediation services provided to assist the involved parties in resolving disputes over the division of property following a separation or divorce, facilitating communication, exploring compromise solutions, and establishing a mutually agreeable resolution consistent with legal obligations and equitable distribution principles. Services include initial assessment of property valuations, documentation review, negotiation coaching, and preparation of a written settlement agreement reflecting fair and legally valid arrangements. The mediation is structured to be non-adversarial, respectful of legal rights, and tailored to the specific facts and financial details of each claimant's interest. All interactions and resulting proposals adhere to professional legal ethics and applicable statutes regarding property division in marriage and divorce law.","32109-Tanner
""Billable"" Time Tracking",Noah Patel,0.02611718455599843,375,0,9.793944208499411,2/25/2026,Representing clients in custody hearings,"Providing full representation to clients in custody hearings, including the preparation and presentation of all legal arguments, the coordination of evidentiary disclosure, communication with opposing parties and authorities, and strategic negotiation to achieve favorable outcomes. Each appearance ensures that all applicable laws, statutory standards, and case precedent are rigorously applied to protect the client's rights and legal interests. Support includes the review of all relevant documentation, development of factual assertions, and real-time adaptation of advocacy based on hearing dynamics. Representation is conducted with integrity, professionalism, and adherence to legal standards throughout all proceedings.","66666-Lane
""Billable"" Time Tracking",Ava Thompson,1.419844115192115,375,0,532.4415431970432,2/25/2026,Drafting prenuptial agreements,"Drafting a prenuptial agreement involves the comprehensive preparation of a legally binding document that outlines the financial rights and obligations of each party in the event of separation or divorce, ensuring both parties clearly understand the division of assets and liabilities outside of a marriage. The document is individually tailored to the specific needs, circumstances, and property disclosures of each spouse, incorporating applicable statutory requirements and evidentiary principles. It includes detailed provisions on property ownership, inheritances, debts, and marital and pre-marital financial disclosures. All drafts are subject to thorough revision, review, and refinement to ensure clarity, completeness, and validity under state law.","23456-Belmont
""Billable"" Time Tracking",Sophia Nguyen,1.3904988485642917,375,0,521.4370682116094,2/25/2026,Drafting prenuptial agreements,"Drafting of comprehensive prenuptial agreements tailored to meet client-specific requirements, encompassing accurate delineation of assets, liabilities, and future financial obligations. The agreed-upon language reflects legally effective, clearly worded clauses that safeguard individual rights and promote equitable outcomes prior to the marriage. Each document is customized to the client's situation, reflecting applicable laws and relevant familial circumstances with thorough attention to clarity, enforceability, and legal consistency. A final execution-ready agreement is delivered, ready for the appropriate signatures and witnesses as required by jurisdiction.","32109-Tanner
""Billable"" Time Tracking",Sophia Nguyen,1.724133473775604,375,0,646.5500526658515,2/25/2026,Representing clients in custody hearings,"Providing comprehensive legal representation to clients in custody hearings, including the preparation and presentation of legal arguments, analysis of evidence, communication with courts and opposing parties, and ensuring compliance with procedural requirements related to child custody and parental rights. Services encompass drafting of pleadings, discovery motions, testimony, negotiation of proposed settlements, and strategic counsel throughout all phases of the hearing process. Representation is provided in accordance with relevant legal standards and jurisdictional principles governing child custody matters. All representation aims to advocate for the client’s best interests with regard to both the legal process and the safety and welfare of the child.","54321-Brown
""Billable"" Time Tracking",Daniel Chen,0.9175831200441047,375,0,344.09367001653925,2/25/2026,Representing clients in custody hearings,"Providing dedicated legal advocacy and representation for clients appearing in formal custody hearings, including preparing and submitting custody determinations, cross-examining opposing witnesses, offering legal argumentation, and ensuring compliance with statutory and regulatory requirements under jurisdictional custody laws. The service covers all facets of pre-hearing coordination, in-court appearance, and post-hearing follow-up to secure favorable outcomes. Each appearance is meticulously documented and strategically coordinated to prioritize client interests and safeguard legal rights in high-stakes domestic relations cases. Full diligence is applied to safeguard due process, maintain evidentiary integrity, and advocate effectively for custody recommendations.","12345-Smith
""Billable"" Time Tracking",Emily Wilson,0.744781576204695,375,0,279.2930910767606,2/25/2026,Mediating property division settlements,"Mediating property division settlements involves facilitating direct communication between clients to arrive at fair and mutually acceptable agreements regarding the allocation of marital or co-own property, ensuring that each party’s legal rights are upheld while promoting a resolution that avoids court litigation. This service includes active listening, addressing concerns, identifying relevant facts, and guiding conversations to reach structured, binding terms. Counselor intervention supports emotional navigation, negotiation strategy, and compromise without imposing judgments or imposing formal legal judgments. Settlements may encompass real estate, financial assets, and personal properties, with documentation finalized and signed by all involved parties.","77777-O'Malley
""Billable"" Time Tracking",Olivia Taylor,0.7676423882909595,375,0,287.8658956091098,2/25/2026,Drafting prenuptial agreements,draftin pre nuptial agreemen t just a basic doc i mad bcause it was askd i thinik lol im sure its fine ya  get a wok in on it no promist me in nothin,"22222-Pierce
""Non-Billable"" Time Tracking",Noah Patel,0.8576681520899703,375,321.62555703373886,0,2/25/2026,Internal meeting,meetin wit in house guys t talkin 'b out the cases yeah but not much happen did dis so the stuff not go down well kinda rough kinda blank kinda empty not a gud plan got sum stuff tho wtf ever,"99995-Garcia
""Non-Billable"" Time Tracking",Emily Wilson,0.5596562517074546,375,209.87109439029547,0,2/25/2026,Internal meeting,Meeting held to discuss internal matters. Attendance was sparse. Issues identified. No follow-up action.,"54321-Brown
""Non-Billable"" Time Tracking",Sophia Nguyen,1.867659767283249,375,700.3724127312183,0,2/25/2026,Internal meeting,Meeting convened internally to discuss ongoing matters. Attendance not documented. Topic undisclosed. Minutes absent.,"99995-Garcia
""Non-Billable"" Time Tracking",Jacob Martinez,1.3210735461769594,375,495.4025798163598,0,2/25/2026,Mediating property division settlements,"Mediating property division settlements involves guiding married or formerly married parties through complex asset valuation, disclosure, and allocation processes to arrive at a mutually agreeable, non-disputed resolution without the need for judicial intervention. The process includes facilitating productive communication between parties, conducting thorough discussions on asset and liability classifications, identifying equitable division criteria, and working to align interests within legal and ethical boundaries. All discussions are documented, and proposed settlement terms are structured to ensure fair treatment of each spouse and consistent adherence to marital dissolution statutes. Services include negotiation support, process facilitation, and delivery of finalized agreement terms.","11223-Morris
""Billable"" Time Tracking",Noah Patel,0.44090819942478077,375,0,165.34057478429278,2/25/2026,Mediating property division settlements,"Mediation of property division settlements involves facilitating constructive dialogue between parties to achieve a mutually agreed resolution on the division of marital or jointly acquired property, ensuring fairness, confidentiality, and consistency with applicable legal standards. The process includes guiding parties through the discussion of each asset’s value, equitable distributions, documentation, and final allocation preferences, while preventing disputes from escalating into adversarial litigation. Legal counsel ensures the process remains structured, compliant with relevant laws, and oriented toward sustainable, consensual outcomes. Full support is provided to all participants during negotiations to promote effective communication, transparency, and satisfaction of their respective legal interests.","67890-Jones
""Billable"" Time Tracking",Jacob Martinez,1.065589925375668,375,0,399.59622201587547,2/25/2026,Representing clients in custody hearings,"Providing dedicated legal advocacy and representation for clients appearing in custody hearings, including the preparation and filing of legal pleadings, strategic counseling, and effective oral argument before court officers to maximize legal outcomes. Support involves conducting legal research on relevant jurisdictional standards, evaluating child custody and visitation guidelines, and presenting facts and circumstances clearly and persuasively. Assistance spans the complete custody hearing lifecycle, from initial intake through courtroom appearances and subsequent filings. All representation aligns with the core objectives of promoting fairness, protecting parental rights, and ensuring child well-being under applicable legal standards.","32109-Tanner
""Billable"" Time Tracking",Noah Patel,1.0396534460598308,375,0,389.87004227243654,2/25/2026,Mediating property division settlements," mediation of property division matter incomplete","98765-Green
""Non-Billable"" Time Tracking",Olivia Taylor,1.3209099617072744,375,495.34123564022786,0,2/25/2026,Drafting prenuptial agreements,"Preparation and drafting of comprehensive prenuptial agreements tailored to the client's assets, financial situation, and family dynamics, including the identification of property entitlements, post-marital agreements, spousal rights, obligations, and exclusion provisions, in full accordance with relevant jurisdictional laws. Each document incorporates detailed disclosure requirements, clear terminology, and enforceable clauses to protect the client’s interests while promoting mutual agreement. The agreement includes a section affirming full disclosure and voluntariness of the signing. This engagement ensures legal validity, clarity, and compliance with all applicable domestic relations and contractual statutes.","99999-Rivera
""Billable"" Time Tracking",Emily Wilson,1.4789705314949486,375,0,554.6139493106057,2/25/2026,Mediating property division settlements,Mediation on property division matter. Services provided to assist in resolution. Details of settlement unrecorded. Final outcome not determined.,"77777-O'Malley
""Non-Billable"" Time Tracking",Isabella Ramirez,1.7071878288976272,375,640.1954358366102,0,2/25/2026,Representing clients in custody hearings,Custody hearing representation – minimal involvement.,"88884-McDonald
""Non-Billable"" Time Tracking",Isabella Ramirez,0.051994971033835435,375,19.498114137688287,0,2/25/2026,Drafting prenuptial agreements,"Preparation and drafting of a comprehensive prenuptial agreement tailored to the specific financial and legal needs of the involved parties, including detailed provision for asset ownership, liabilities, inheritance rights, and post-separation distribution mechanisms, consistent with current family law standards and requirements. The agreement will clearly outline the individual financial disclosures each party is required to provide, with clauses ensuring enforceability and compliance with statutory obligations. All draft provisions will be written in plain language, with structured organization, legal safeguards, and clarity for both clients and court review. Final negotiation and refinement with clients will ensure the final instrument is mutually acceptable and effectively protects intended interests.","44444-Scott
""Billable"" Time Tracking",Sophia Nguyen,1.537329843887015,375,0,576.4986914576307,2/25/2026,Internal meeting,"A scheduled internal meeting was conducted to review and coordinate key project timelines, assign responsibilities among team members, and address workflow improvements within the legal team. The session focused on the strategic deployment of resources and the alignment of upcoming deliverables with organizational objectives. All attendees present were members of the legal department with relevant jurisdictional responsibilities. The meeting served as a critical forum for operational feedback and decision validation to ensure effective execution.","32109-Tanner
""Billable"" Time Tracking",Olivia Taylor,0.6476636341705051,375,0,242.8738628139394,2/25/2026,Representing clients in custody hearings,"Representing clients in custody hearings includes appearing on behalf of clients in judicial proceedings to advocate for favorable custody determinations, presenting evidence, cross-examining opposing counsel, and addressing the emotional, developmental, and practical aspects of parental responsibilities relevant to minor children. This service involves developing, refining, and delivering argumentative presentation strategies tailored to the specific family dynamics, child's best interests, and available legal documentation. Counsel prepares pre-hearing pleadings, briefs, and factual statements, ensuring full compliance with procedural rules and applicable laws governing child custody adjudications. Each appearance is coordinated to meet judicial timelines, preserve procedural integrity, and uphold client privacy and rights throughout the process.","32109-Tanner
""Billable"" Time Tracking",Noah Patel,1.2629095185436678,375,0,473.59106945387543,2/25/2026,Mediating property division settlements,"Mediation services to facilitate the resolution of property division between cohabitants or divorcing parties, ensuring a respectful and impartial discussion to reach a fair, voluntary, and mutually agreed-upon distribution of jointly-owned assets and real estate. This includes facilitating structured sessions, facilitating communication between parties, reviewing legal implications of asset allocation, and documenting a consensual settlement proposal in clear, non-detailed language. Services are provided as an amicable alternative to formal adjudication, reducing legal cost and conflict with an emphasis on practicality and fairness. The outcome shall be a written, mutually agreed property division settlement that adheres to applicable state statutes.","22222-Pierce
""Billable"" Time Tracking",Daniel Chen,1.9081555213852128,375,0,715.5583205194548,2/25/2026,Internal meeting,"Attended and participated in an internal organizational meeting to discuss ongoing case strategies, team coordination, and operational updates within the law firm, ensuring timely and aligned progress across all assigned litigation and client matters. The meeting facilitated strategic planning, workflow realignments, and the identification of potential resource needs to enhance case execution and compliance. Participation involved active engagement, contribution of legal oversight insights, and coordination with internal stakeholders. All agenda items were addressed with documented deliberations and forward-facing actions assigned to assigned team members.","99995-Garcia
""Billable"" Time Tracking",Olivia Taylor,0.7755225609723833,375,0,290.8209603646437,2/25/2026,Internal meeting,"Attendance and coordination of an internal meeting to assess project progress, review team responsibilities, and communicate updates on deadlines and workflows. The meeting included structured presentations, facilitated discussions on cross-departmental tasks, and consensus-based planning of next steps. All participants were present, and documented meeting minutes were produced for record-keeping. This meeting served to maintain operational transparency and alignment within the legal practice group.","88884-McDonald
""Billable"" Time Tracking",Olivia Taylor,0.8229043677371048,375,0,308.5891379014143,2/25/2026,Representing clients in custody hearings,representing clientz in cuist dyings weepin to make sure den the law no one is put on a waiy withouth just a bit a thry but not realy much o the rith in the hearings in which they no go out with there kids an we keep the sitys to do the law with some how. just the very last part when it is not done corretly and we must do somehting bad like it be in realty no good or so we make that happan a lit bit with just in case that not be enuough an it was to late.,"55555-Hill
""Non-Billable"" Time Tracking",Isabella Ramirez,1.2838547189820446,375,481.44551961826676,0,2/25/2026,Representing clients in custody hearings,"Providing comprehensive legal representation for clients in criminal custody hearings, including the preparation and submission of all essential legal pleadings, witness statements, and evidentiary documentation, to effectively assert client rights and advocate for favorable resolutions based on applicable legal standards and constitutional provisions. The assistance ensures compliance with statutory procedures and administrative timelines required for custody determinations. Representation involves active participation in hearing proceedings, oral arguments, and responses to opposing counsel’s presentations. All activities are delivered with an aim to protect the client’s legal interests while adhering to ethical standards and professional responsibilities.","66666-Lane
""Billable"" Time Tracking",Daniel Chen,1.0542919750697306,375,0,395.359490651149,2/25/2026,Representing clients in custody hearings,Custody hearing appearance for clients. Minimal representation. Limited advocacy. Support provided.,"23456-Belmont
""Non-Billable"" Time Tracking",Sophia Nguyen,1.5561939463686316,375,583.5727298882368,0,2/25/2026,Representing clients in custody hearings,"Providing strategic counsel and representation to clients before courts conducting custody hearings, including conducting pre-hearing investigations, preparing and presenting factual and legal arguments, advising on child placement and custody schedules, and effectively navigating courtroom procedures to safeguard client interests. Representing parties in the negotiation and adjudication of custody arrangements, particularly focusing on child welfare, parenting capacity, and the best interests of the child. All services include comprehensive legal analysis, timely preparation of filings, deposition appearances, and court communications. Conducted diligently and consistently throughout the duration of the hearings to ensure client outcomes remain legally sound and child-centric.","87654-Hunter
""Billable"" Time Tracking",Isabella Ramirez,1.8908064299980745,375,0,709.052411249278,2/25/2026,Representing clients in custody hearings,representing klinets in custody hearings we go through evry step of it and i'm sute no one else in this room understand whats happenin real deep but yeah i duno what you want and you dont realtivl know wats im mean when i sday it is like a very weild task in court. no real clue how its done by the way im not even sure what the actual procdure look liked and i have not been t the hearing for 3 mon theses so no. it might be the weif and we have allways been to see a lawyer and the thing with this all it justr wnat the time we are paid for each session and no other explanation.,"11223-Morris
""Non-Billable"" Time Tracking",Sophia Nguyen,0.1890055164482014,375,70.87706866807552,0,2/25/2026,Representing clients in custody hearings,"Providing dedicated legal representation to clients in custody hearings, including the preparation and presentation of legal arguments, evidentiary filings, witness coordination, and oral advocacy before judicial authorities to protect and advance the clients’ legal interests in determining the custody of children. Services include thorough investigation of family history, documentation, and communication to establish the basis for the requested custody determination. The process includes both pre-hearing briefs and real-time negotiation and testimony during the formal hearings. The scope encompasses compliance with applicable family law statutes and procedural rules governing custodial proceedings.","76543-Clarke
""Billable"" Time Tracking",Noah Patel,0.8302335949264068,375,0,311.3375980974026,2/25/2026,Representing clients in custody hearings,Custody hearings represented inadequately.,"88888-Young
""Non-Billable"" Time Tracking",Noah Patel,1.6784955433682613,375,629.435828763098,0,2/25/2026,Mediating property division settlements,"Mediation services conducted to facilitate a comprehensive and voluntary resolution of property division issues between parties in a legal separation or divorce matter, ensuring mutual agreement is reached on the division of jointly acquired assets, such as real estate, personal property, financial accounts, and household possessions. The process involved structured negotiations, guided by a legal mediator, to interpret legal entitlements, resolve conflicting claims, and establish a legally binding allocation with mutual understanding. Sessions were held in person, focused on equitable and realistic outcomes, emphasizing privacy, procedural integrity, and efficient resolution. Documentation of agreed terms, witness records, and settlement proposals were provided for future validation by the court, should it become necessary.","55556-Blake
""Billable"" Time Tracking",Isabella Ramirez,1.114256034466138,375,0,417.84601292480176,2/25/2026,Representing clients in custody hearings,"Providing comprehensive legal representation to clients in custody hearings, including drafting and filing court submissions, conducting legal preparation, and offering strategic advocacy in the courtroom to advance the client's interests. Ensuring adherence to procedural guidelines and applicable legal standards while safeguarding family relationship objectives. Advising on the relevant statutory frameworks and judicial precedents applicable to parenting time and custody determinations. Communicating regularly with the client to clarify progress, understand concerns, and provide consistent, ethical guidance throughout the process.","98765-Green
""Billable"" Time Tracking",Emily Wilson,1.2254221639143599,375,0,459.53331146788497,2/25/2026,Representing clients in custody hearings,"repped clients in cussity hearinzs... realy messy, but it got du done. a bit rough and no one saw the papper work. jus wanted to send it out so somethin gets sent.","99999-Rivera
""Non-Billable"" Time Tracking",Noah Patel,0.6545716540952813,375,245.4643702857305,0,2/25/2026,Drafting prenuptial agreements,Prenup drafting underway. Limited review of key aspects. Missing specific language in final product.,"98765-Green
""Non-Billable"" Time Tracking",Ava Thompson,0.24613690816869327,375,92.30134056325997,0,2/25/2026,Mediating property division settlements,"Mediating property division settlements involves facilitating confidential discussions between client parties to achieve a mutually acceptable resolution of issues related to the equitable division of jointly acquired assets, ensuring that property rights, values, and responsibilities are addressed within the boundaries of relevant laws and contractual terms. This process includes guiding negotiations, assessing settlement proposals, drafting settlement agreements, and ensuring all party interests are reasonably reflected and legally enforceable. Services extend to clarifying property claims, identifying disputes of ownership, and structuring distributions that are consistent with legal and equitable principles. The goal is to close the matter efficiently while minimizing conflict and preserving client relationships.","99995-Garcia
""Billable"" Time Tracking",Jacob Martinez,1.9360728853652884,375,0,726.0273320119832,2/25/2026,Representing clients in custody hearings,"Providing full legal representation to clients appearing in court-based custody hearings, including preparing and submitting motions, negotiating protective arrangements, advocating for children’s best interests, and responding to procedural requirements during each hearing. Assistance spans pre-hearing briefings, courtroom representation, and follow-up communications with custody evaluators or judges. Activities include legal arguments, evidence presentation, testimony delivery, and client advising on potential outcomes and post-ruling obligations. This representation encompasses all stages from initial appearance through final adjudicative rulings on custody orders.","88889-Patel
""Billable"" Time Tracking",Emily Wilson,0.9409406097466981,375,0,352.8527286550118,2/25/2026,Representing clients in custody hearings,"Providing legal representation to clients in formal custody hearings, including conducting courtroom advocacy, presenting evidence, engaging in negotiation with opposing parties, and fulfilling all procedural requirements under state custody laws. Support includes preparing and submitting all requisite documentation, such as parenting plans, affidavits, and motion filings. The service encompasses comprehensive strategic counseling on child custody interests and litigation-related disclosures. Each appearance is tailored to ensure clients’ rights are fully protected and outcomes are maximized in accordance with applicable legal standards.","54321-Brown
""Billable"" Time Tracking",Sophia Nguyen,0.11245000149516171,375,0,42.168750560685645,2/25/2026,Drafting prenuptial agreements,Prenuptial agreement drafted with minor omissions.,"44444-Scott
""Non-Billable"" Time Tracking",Ava Thompson,1.728568608284237,375,648.2132281065889,0,2/25/2026,Internal meeting,internall meeeting for discusesss about stuff that not realy exsist yet and the time wase spent in long convrsations abt the futen in our offices wuile drinkng coffee whie nno one krow that the whole thing is jusr a myth lolz. i was resonsbile for make all the speakes but im pretty sul to be trulely not the oine with the keys to open the doorky in 3 bith of a room in suth. just some tings i had t0 done and i wana know whear the chimpz been and where teh secong copy of deed gone wth the fukin lolly pops in a can. it should not been ince that a lollpops has to be in the can or any way to know where the deed has bee in the last 7 years of the whole time wuz the moon.,"23456-Belmont
""Non-Billable"" Time Tracking",Daniel Chen,1.8197834565205113,375,682.4187961951917,0,2/25/2026,Representing clients in custody hearings,"Custody hearings representation — basic, minimal assistance.","99995-Garcia
""Non-Billable"" Time Tracking",Ava Thompson,1.7794828307189765,375,667.3060615196162,0,2/25/2026,Representing clients in custody hearings,"Providing comprehensive representation for clients during custody hearings, including the preparation and presentation of legal arguments, evidentiary submissions, and negotiation of custody arrangements in accordance with statutory and judicial guidelines. This service encompasses the timely filing of motions, responsiveness to court requests, and effective advocacy to protect the client’s legal interests and best position for child custodial outcomes. Representation is tailored to the unique facts of each case and includes strategic guidance on witness statements, disclosure obligations, and alternative disposition considerations. The services are delivered consistently with professional integrity, court deadlines, and standards of competent and ethical legal practice.","88889-Patel
""Billable"" Time Tracking",Daniel Chen,0.480773162400542,375,0,180.28993590020326,2/25/2026,Representing clients in custody hearings,represetnng clitens in cushd hesigns uh oinr hingz nitslty founr in tthe rih of tih elow tne wuht ovear wuz a littie too bryt and noo tih wuz in sot oit. we jusr sat tbeir a tae blyy tht heaing nnot rly hup ovr. no gots of thee tims its not suposed tao be like this in a sereiis ot. it just got lost inn a burlt f the bue and we were nvr abil to fix nothe it.,"22222-Pierce
""Non-Billable"" Time Tracking",Sophia Nguyen,1.1965549961985045,375,448.7081235744392,0,2/25/2026,Mediating property division settlements,mediatin property divisin sellemez wit a fowk and a sly gril biaa a littel bit ohtt a cunfernce i reaally thought thst was a greaat idea though but the doc is gonne bee waaey too thicly so not really higjly reciemed no wai i did this so wut not too bad at aleast i tihk its ok sort of lol maybe,"44444-Scott
""Non-Billable"" Time Tracking",Noah Patel,1.5728399290654724,375,589.8149733995522,0,2/25/2026,Mediating property division settlements,Property division mediation services provided. Assistance in facilitating discussion between parties. Settlement process guided but not complete. Outcome not final or formal.,"77777-O'Malley
""Non-Billable"" Time Tracking",Noah Patel,0.3215371622672927,375,120.57643585023476,0,2/25/2026,Internal meeting,meetin g with internal team for discusiobn about somethin unformel and not realy cricitcal to the casethis all went very slow durin the procees and there weresno decsison made about any on thing actually relevant or importnat to our curnent procced.,"87654-Hunter
""Non-Billable"" Time Tracking",Ava Thompson,1.3945948999019235,375,522.9730874632213,0,2/25/2026,Representing clients in custody hearings,representing clictis in cussi hearinig wher evry bizz biaf sht is in tbe wodl ahd ihs dunt mather bein bing caleed whil a gree baind tge mott is no mow bia a pple a wih silt and muth blye. dis wok inno cahd no gathor wih out haf mert a lot of sot and shay is hing sith be no cay tih a firlt hond mew no foun daw no bale is in oth a tle no guth no fild no poots. it shal doun be firt wold be nay wif be suth wih nathr in a tle a tue of hond a no sot at all hing. just gathr a cly to woh mow and wint no be wod of cale no mow be no a firt mew no fith tue in a no a hilt woth it all mawt not a wod mew wih a a hond muth no silt and mow shal bie no cun no shart in gth tlo mawt in suth wot in to a muth fift no a gree be a wot no.,"33333-Fisher
""Non-Billable"" Time Tracking",Jacob Martinez,0.29007932300481953,375,108.77974612680732,0,2/25/2026,Representing clients in custody hearings,Representation in custody matters. Appears before hearing officer. Minimal preparation and review. Client satisfaction unknown.,"55556-Blake
""Non-Billable"" Time Tracking",Jacob Martinez,1.0165793042229516,375,381.21723908360684,0,2/25/2026,Internal meeting,Meeting held to discuss internal matters. Topics not fully addressed. Limited action items generated. Output incomplete.,"11112-Hudson
""Non-Billable"" Time Tracking",Ava Thompson,0.44021444013156463,375,165.08041504933675,0